title,price,availability,rating
Blackrock Games Focus - OLDCHAP Games Jeu de société - Association d'idée pour 2 Joueurs - Univers de Sherlock Holmes - dès 10 Ans - en Duo - Jeu coopératif,12.99,Amazon,"4,5 sur 5 étoiles"
SOLSTIS - Jeu de société 2 Joueurs- Jeu 8 Ans et Plus - Duel Tactique - Jeu familiale - Format Poche - Lumberjack Studios - Blackrock games,13.5,Amazon,"4,3 sur 5 étoiles"
Pretexte - 2 Pommes 3 Pains - Jeu de Société Idéal pour s'Amuser en Famille ou Entre Amis en Soirée - De 2 à 6 Joueurs - Jeu d'Ambiance - A partir de 8 Ans,11.78,Amazon,"4,7 sur 5 étoiles"
"SKYJO, de Magilano - Le Tout Nouveau Jeu de Cartes/de société pour Les Petits et Les Grands pour se divertir et Passer des soirées Amusantes avec des Amis et en Famille",15.95,Amazon,"4,8 sur 5 étoiles"
Blackrock Games Wizards Cup - Jeu de Société Stratégique pour 2 Joueurs - Jeu de Cartes - Duel Tactique - 12 Ans et Plus - réflexion - Format Poche - La Boite de Jeu,9.5,Amazon,"5,0 sur 5 étoiles"
Asmodee - 7 Wonders : Duel - Jeu de Société pour Adultes et Enfants dès 10 Ans - Version du Jeu de Stratégie et de Plateau pour 2 Joueurs - 20 Min - Version Française - Repos Production,17.62,Amazon,"4,8 sur 5 étoiles"
Goliath - Shit Happens - Original - Jeu de Cartes de Société Adulte - Délires et Rigolades - A Jouer entre Amis - Idéal Pour Des Soirées Culte - A partir de 2 joueurs - A partir de 18 ans,15.44,Amazon,"4,4 sur 5 étoiles"
Nommez-En-5 - Jeu de société - A Partir de 12 Ans - A Jouer En Famille Ou Entre Amis - A Vous De Trouver 5 Réponses Seul Ou En Equipe - A Partir de 2 Joueurs,14.94,Amazon,"4,4 sur 5 étoiles"
Boreal - Jeu de société 2 Joueurs - Jeu 10 Ans et Plus - Duel Tactique - Jeu de Cartes en Duo - stratégie - Blackrock Games,16.5,Amazon,"4,6 sur 5 étoiles"
"BANDAI Games Othello société-jeu de stratégie et de réflexion-2 joueurs-15/20min-dès 7 ans, MH80052",19.99,Amazon,"4,6 sur 5 étoiles"
IELLO CODENAMES: Duo – Le Jeu de Mots coopératif où Deux Joueurs s’unissent pour découvrir Les Bons Mots ! ‍ Résolvez Les énigmes Ensemble et évitez Les pièges – Un défi de Communication pour Deux !,21.64,Amazon,"4,8 sur 5 étoiles"
Speed Bac - Jeu de société Adulte - Rapide et délirant - 2 à 7 Joueurs - Jeu d'ambiance,18.89,Amazon,"4,8 sur 5 étoiles"
District Noir - Jeu à 2 Joueurs - Tactique et Malins - 10 Ans et Plus - Bluff - Cartes - Rapide - Parfait Entre Amis - Duo,15.5,Amazon,"4,6 sur 5 étoiles"
"Blackrock Games KITSU - Jeu de société - Jeu de Cartes Tactiques et Malin - 10 Ans et Plus - pour 2, 4 ou 6 Joueurs - réflexion, stratégie et Ambiance - Un Jeu Rapide et Amusant - Grrre Games",13.99,Amazon,No rating
"GIGAMIC- Jeu de Cartes-Saboteur : Le Duel, AMSLD, 8 ans to 99 ans, D'or",11.99,Amazon,"4,7 sur 5 étoiles"
Asmodee | Azul Duel | Jeu de Société pour 2 Joueurs | Jeu Familial pour Adultes et Enfant dès 10ans | Pose de Tuiles | 2 à 4 Joueurs | 45 Min | Version Française | Next Move,24.9,Amazon,"4,7 sur 5 étoiles"
Esprit ES-tu Là ? | Jeu de Société Stratégique et Captivant | Jeu en Famille Ou Entre Amis de Déduction dans Un Château Hanté | 3 Modes de Jeu | 2-12 Joueurs | Idée Cadeau Enfant 7 Ans+,13.79,Amazon,"4,9 sur 5 étoiles"
Asmodee | Cocktail Games | L'Île Interdite | Jeu de société | À partir de 10 Ans | 2 à 4 Joueurs | 30 Minutes,24.95,Amazon,"4,6 sur 5 étoiles"
Atalia Game Factory Punto | Jeu de société stratégique | De 2 à 8 Joueurs | A partir de 7 Ans | 20 Minutes | Rapide et Malin,7.9,Amazon,"4,7 sur 5 étoiles"
"Blackrock Games Top Cap - Jeu de société pour 2 Joueurs - réflexion, Tactique et logique - Jeu Abstrait - 14 Ans et Plus - idéal en Couple ou Entre Amis - Petit Jeu - Rapide - règles Simples",10.9,Amazon,"4,8 sur 5 étoiles"
"Moka Jeu de Société 2 à 4 Joueurs, Jeu de Mémoire Educatif, Jeux de Lettres Adultes et Enfants, Créez des Mots et Retenez Les Lettres, Conçu en France, Idée Cadeau Original",14.99,Amazon,"4,7 sur 5 étoiles"
Dossiers Criminels Pocket - Qui a tué Jasper Van Der Meer ? Meurtre sous fond de scandale politique - Nouveau concept - Jeu d’Enquête de poche - En famille ou entre amis - 1-6 Joueurs - 45 min,11.99,Amazon,"5,0 sur 5 étoiles"
Asmodee - Abalone - Edition Officielle - Jeu de Société Famille pour Adultes & Enfants dès 7 Ans - Jeu de Stratégie & Réflexion - Plateau de 28 Billes - As d'or - 2 Joueurs - 20 Min - Zygomatic,20.92,Amazon,"4,7 sur 5 étoiles"
"Blackrock Games Chats DE Poche - Jeu de société 2 Joueurs- Jeu 8 Ans et Plus - Chiens et Chats - Duel Tactique - Jeu familiale - Format Poche - Lumberjack Studios, Coloré",14.5,Amazon,"4,7 sur 5 étoiles"
Blackrock Games Jekyll VS Hyde - Jeu de société - 2 Joueurs - 10 Ans et Plus - Cartes - Duel - Tactique et Rapide - Plis,14.9,Amazon,"4,5 sur 5 étoiles"
Faraway - Jeu de société - 10 Ans et Plus - As d'or Jeu de l'année initée 2024-2 à 6 Joueurs - stratégique et Tactique - idéal Entre Amis - Blackrock Games,17.9,Amazon,"4,7 sur 5 étoiles"
Asmodee - Jaipur - Jeu de Cartes et Stratégie pour Enfants dès 10 Ans - Jeu de Marchandage - Devenez Le Marchand Attitré du Maharaja - pour 2 Joueurs - 30 Min - Version Française - Space Cowboys,18.95,Amazon,"4,7 sur 5 étoiles"
GIGAMIC - 6 Qui prend ! - Le jeu d'ambiance intergénérationnel dans son nouveau format Boite Biseau ! - Jeu de société - De 2 à 10 joueurs - A partir de 8 ans.,13.99,Amazon,"4,8 sur 5 étoiles"
Blackrock Dracula VS Helsing - Jeu de société - Jeu Deux Joueurs - affrontement en Duo - 10 Ans et Plus - Duel stratégique et Tactique Games,15.9,Amazon,"4,6 sur 5 étoiles"
Asmodee - Catan : Duel - Jeu de Société Intense pour 2 Joueurs dès 10 Ans - Développez Vos Colonies avec Stratégie - 30 à 75 Min de Jeu Immersif - Version Française - Kosmos,20.17,Amazon,"4,6 sur 5 étoiles"
GIGAMIC DEKAL - Jeu d'ambiance - Jeu de société à la mécanique du taquin revisitée - Un Jeu addictif et pour Tous Niveaux - De 2 à 6 Joueurs - Dès 7 Ans !,14.95,Amazon,"4,7 sur 5 étoiles"
Tempête de Mots - Jeux de Mots Francais - Jeu de Société - Jeux de Plateau - Jeu de Cartes - Jeu d'ambiance - Entre Amis et en Famille - 2 à 8 Joueurs - Jeu de Societe Adultes Enfants,19.99,Amazon,"4,5 sur 5 étoiles"
"Puissance 4, Le Jeu de société et de Plateau pour Enfants, stratégie pour 2 Joueurs, aligner 4 pions, pour Enfants, dès 6 Ans",11.99,Amazon,"4,8 sur 5 étoiles"
Asmodee - Happy City - Jeu de Société de Construction Urbaine pour Enfants Dès 10 Ans - Créez Votre Ville - Lauréat As d'or 2022-2 À 5 Joueurs - 30 Min - Version Française,12.53,Amazon,"4,8 sur 5 étoiles"
Asmodee - Splendor Duel - Jeu de Stratégie pour Enfants dès 10 Ans - Jeu de Cartes pour 2 Joueurs - Collectez Les Gemmes pour Attirer Les Faveurs Royales - 30 Min - en Français - Space Cowboys,20.32,Amazon,"4,8 sur 5 étoiles"
Rubik's Cube - Rubiks Race Version Classique - Jeu De Société Classique 3X3 Rubiks Cube - Stratégie Ultime Face à Face - Jeu Casse-Tête Adulte Et Enfant - Jouet Enfant 7 Ans Et +,14.24,Amazon,"4,6 sur 5 étoiles"
Asmodee - DOBBLE Classique - Jeu de Cartes pour Enfants dès 6 ans - Jeu de Société a Jouer en Famille - Jeu de Rapidité 2 à 8 joueurs - Boite Métal pour Voyage - 15 min - en Français- Zygomatic,9.99,Amazon,"4,8 sur 5 étoiles"
"L'Imposteur - Saurez-Vous Le démasquer ? Bluff, Créativité, Jeux de Mots et Suspicions ! Jeu d'ambiance - Jeu de Cartes - Jeu de Société Adulte",20.99,Amazon,"4,7 sur 5 étoiles"
"Shut The Box Jeu de Table en Bois pour 2-4 Joueurs,Classique-Jeu de Dés-Jeu de Rassemblement de la Famille Jouet de Voyage,Dés de Jeu en Bois de Puzzle,Shut The Box Jeu de Société Mathématiques",9.99,Amazon,"4,7 sur 5 étoiles"
BOMBYX Nicodemus Jeu de Société pour 2 Joueurs,22.95,Amazon,"4,6 sur 5 étoiles"
Asmodee - CITADELLES Classique - Jeu de Société Stratégique pour Enfants Dès 10 Ans - Bâtissez La Plus Belle Cité - Jeu de Diplomatie - 2 À 7 Joueurs - 45 Min - Version Française - Edge Entertainment,10.99,Amazon,"4,7 sur 5 étoiles"
Ta Mère En Slip - 439010,16.6,Amazon,"4,5 sur 5 étoiles"
Velonimo Jeu de société - Jeu de Cartes - 7 Ans et Plus - 2 à 5 Joueurs - Jeu de Bluff - Jeu de Combinaison - Jeu Familial - Jeu fabriqué en France - Studio Stratosphères,11.9,Amazon,"4,7 sur 5 étoiles"
BLAM! Celestia • Jeu de société famille ambiance - Jeu de plateau - De 2 à 6 joueurs - Dès 8 ans - 30 minutes,23.47,Amazon,"4,8 sur 5 étoiles"
"Pigeon Pigeon - Jeu de Société Ambiance, Bluff, créativité, soirée - de 2 à 10 Joueurs - Jeu fabriqué en Europe",24.99,Amazon,"4,6 sur 5 étoiles"
ATM Gaming Play Hit - Jeu de Société - Quiz Musiques des Années 90 et 2000 - Parfait pour Mettre l'ambiance - Jeu de Cartes - Jeux de société Amis et Famille - 2 à 10 Joueurs,17.9,Amazon,"4,5 sur 5 étoiles"
"Dujardin – Tu ris Tu perds – Jeu de société – Jeu de cartes – Jeu d’ambiance pour adultes, ados – Fous rires garantis – 2 joueurs et plus – Dès 16 ans",21.65,Amazon,"4,2 sur 5 étoiles"
"GIGAMIC - Acropolis — AS Gold — Jeu de l'année 2023, 2 à 4 joueurs [version française]",25.99,Amazon,"4,8 sur 5 étoiles"
"Hasbro Gaming Jenga, Jeu De Société en Bois, Jeu d’Adresse pour Enfants Et Familles, Version Française, Idées Cadeaux d'anniversaire, À Partir De 6 Ans",14.22,Amazon,"4,8 sur 5 étoiles"
SAVANA Traitres à Bord - Jeu de société - Grand Prix du Jouet 2023 - Jeux à identité secrète - Jeu de Voyage et de Poche - Jeu de Cartes dès 10 Ans,15.49,Amazon,"4,7 sur 5 étoiles"
MICRO MACRO : Crime City - Jeu de société - Jeu d'enquêtes - Pour toute la famille - 10 ans et plus - 1 à 4 joueurs - Version française - observation et déduction - As d'or 2021 (jeu de l’année),24.28,Amazon,"4,7 sur 5 étoiles"
Kluster Duo - Nouvelle Version 2 Joueurs - Jeu d'adresse aimants - Pierres aimantées - Jeu d'ambiance à Jouer en Famille ou Entre Amis,19.85,Amazon,"4,5 sur 5 étoiles"
"Hasbro Gaming Qui est-ce ? Jeu de Société, Célèbre Activité de Déduction pour Enfants, pour 2 Joueurs, à Partir de 6 Ans",14.22,Amazon,"4,7 sur 5 étoiles"
Ravensburger - Strike - Jeu d'ambiance - Jeu de dés - Famille ou Entre Amis - de 2 à 5 Joueurs - à partir de 8 Ans - Mixte - 26572 - Version française,16.63,Amazon,"4,8 sur 5 étoiles"
Asmodee FlexiQ Orbito - Jeux de société - Jeux de stratégie - Jeux de réflexion - Jeu Familial à partir de 7 Ans - 2 Joueurs - Version française,14.6,Amazon,"4,5 sur 5 étoiles"
"CRACK LIST - Jeu du Petit bac - Jeu de Cartes - Jeu d'ambiance - entre amis et en famille - 10 ans et plus - 2 à 8 joueurs - version française - Yaqua Studio, YAQ001CR, Bleu",18.95,Amazon,"4,7 sur 5 étoiles"
"Kakapo - Nouveau Jeu de Cartes du trouduc ou Jeu du président Famille Adultes Humour, Ambiance, Tactique, stratégie France",12.9,Amazon,"4,2 sur 5 étoiles"
Asmodee - Tokaido Duo - Jeu de Société pour Enfants dès 8 Ans - Jeu de Plateau et d'Aventures Stratégiques sur l'Ile de Shikoku au Japon - 2 Joueurs - 20 Min - Version Française - Funforge,14.94,Amazon,"4,6 sur 5 étoiles"
ASMODEE - Twin IT - Jeu de Société pour Enfants dès 6 Ans - Jeu de Rapidité pour Toute la Famille - Repérez Vite Les Paires dans la Mosaïque Colorée - 2 à 6 Joueurs - 20 Min - en Français,13.66,Amazon,"4,7 sur 5 étoiles"
Dujardin – Mille Bornes Le Grand Classique – Jeu de société – Jeu de cartes – Atteignez les 1000 bornes en premier – A jouer en Famille ou entre Amis – 2 à 8 joueurs – Dès 6 ans,14.9,Amazon,"4,8 sur 5 étoiles"
"Blackrock Games - Skull King - Jeu De Plis - Jeu De Cartes pour Vrais Pirates - 2 à 8 Joueurs - Réflexion Tactique, Stratégique et Paris - Version Française - 8 Ans Et Plus",14.9,Amazon,"4,8 sur 5 étoiles"
Blackrock Games Jekyll & Hyde Versus Scotland Yard - Jeu de société coopératif - Plateau 2 Joueurs - 10 Ans et Plus - Cartes - Duel - Duo - Tactique et Rapide - Plis,15.5,Amazon,"4,6 sur 5 étoiles"
"TIC TAC TOE 3D - pour 2 joueurs à partir de 6 ans - Jeu de société familial en bois massif et aux normes CE, marque française le DÉlirant. Un morpion avec plus de possibilités puisqu'en 3 dimensions !",18.0,Amazon,"4,3 sur 5 étoiles"
Hasbro Gaming Mastermind - Jeu de Plateau et de Stratégie - Idée Cadeau pour Garçons et Filles dès 8 Ans - Jeu de logique et de Décodage - 2 Joueurs - Multicolore,16.9,Amazon,"4,6 sur 5 étoiles"
"Ravensburger 26745 - Las Vegas - Jeu d'ambiance - Jeu de dés - Jeu d'argent - Famille ou Entre Amis - de 2 à 5 Joueurs - à partir de 8 Ans - Mixte, Néant",18.55,Amazon,"4,8 sur 5 étoiles"
"Mattel Games UNO Classique, Jeu De Cartes Familial pour Enfants Et Adultes, Jeu De Société pour Soirée Jeux en Famille Ou en Voyage, 2 À 10 Joueurs, Jouet pour Enfant de 7 Ans et Plus, W2087",7.21,Amazon,"4,8 sur 5 étoiles"
"Mattel Games Blokus, Jeu de Société Familiale, Jeu de Stratégie pour Toute La Famille, Jeu De Plateau, Moins d'une Minute pour Apprendre Les Règles, BJV44",25.12,Amazon,"4,7 sur 5 étoiles"
Asmodee - CODEX NATURALIS - Jeu de Société pour Enfants dès 8 Ans - Assemblez les Pages du Manuscrit - Jeu de Cartes Stratégique - Format Voyage - 2 à 4 Joueurs - 30 Min - Version Française - Bombyx,14.95,Amazon,"4,7 sur 5 étoiles"
"Mattel Games UNO Flip, Nouvelle Version Délirante Recto Verso, Jeu De Cartes pour Enfants Et Adultes, Jeu De Société pour Soirée en Famille, 2 À 10 Joueurs, Jouet pour Enfant de 7 Ans et Plus, GDR44",4.84,Amazon,"4,7 sur 5 étoiles"
"Mamie Moule Maki - Le Jeu de société où Vous risquez de partir trop Loin ! Petit bac revisité idéal pour Les soirées, Anniversaires, Vacances | Fous rires garantis !",29.99,Amazon,"4,7 sur 5 étoiles"
Asmodee - dV Giochi - Bang : Le Duel - Jeux de société - Jeux de Cartes - Jeux de Bluff - 2 Joueurs - Version française,23.66,Amazon,"4,7 sur 5 étoiles"
Jumanji - Jumanji Retro - Jeu de Société Famille - Jeu De Plateau avec Nombreux Défis - Ambiance du Film - Version Française - Jouet Enfant 8 Ans et +,15.55,Amazon,"4,4 sur 5 étoiles"
"Hasbro Gaming Rummikub Chiffres, Jeu de Société et de Réflexion Multijoueur, pour Les Fans de Jeux Éducatifs et de Numération pour Les Enfants dès 7 Ans, Version Française",30.93,Amazon,"4,7 sur 5 étoiles"
Asmodee - CORTEX CHALLENGE - Jeu de Société Familial et Ludique pour Adultes & Enfants dès 8 Ans - Développez Votre Mémoire et Réflexion - 2 à 6 Joueurs - 15 Min - En Français - Zygomatic,12.99,Amazon,"4,6 sur 5 étoiles"
"Gigamic - ZOBAZ - Jeu de rapidité - 2 - 8 joueurs Bazar Bizarre, L",14.99,Amazon,"4,8 sur 5 étoiles"
Asmodee - KNARR - Jeu de Société d'Aventure Maritime - Pour Enfants dès 8 Ans - A jouer en Famille - Participez à des Aventures Viking Épiques - 2 à 4 Joueurs - 40 à 60 Min - En Français - Bombyx,20.95,Amazon,"4,6 sur 5 étoiles"
Cayro - Master Mind - + 7 Ans - Devinez Le Code Secret - Jeu De Société pour Enfants Et Adultes - Allie Stratégie Et Logique - Idéal pour 2 Joueurs,14.94,Amazon,"4,5 sur 5 étoiles"
"Gribouillis Chrono : Le Jeu de Dessin de société vivement frénétique et assurément drôle | Qui se Joue en Famille, pour Les Enfants, Les Adolescents et Les Adultes (Français)",17.99,Amazon,"4,7 sur 5 étoiles"
"Scorpion Masqué OLÉ GUACAMOLÉ ! - Jeu de société - Jeu d'ambiance - 10 Ans et Plus - de 2 à 8 Joueurs - Rapide et Amusant - idéal Entre Amis - Le Blackrock Games, Marron (Brown)",11.99,Amazon,"4,6 sur 5 étoiles"
Asmodee - JUNGLE SPEED Classique - Jeu de Rapidité pour Enfants dès 7 ans - Jeu de Société & d'Ambiance - 2 à 10 Joueurs - Version en Bois Eco-Responsable - avec Sac de Rangement - 15 Min- Zygomatic,19.0,Amazon,"4,7 sur 5 étoiles"
TOMY Jeu 5 Up - Jeu de dé Super addictif - Jeux de Voyage 2-4 Joueurs - Jeux familiaux Amusants pour Enfants et Adultes - Jeux de société pour Les 6 Ans et Plus - Cadeaux d'anniversaire et de Noël,10.29,Amazon,"4,7 sur 5 étoiles"
"Mastermind, Jeu de Societe, Jeu de Plateau de Type strategie, Version Francaise",31.32,Amazon,"4,6 sur 5 étoiles"
FUNKO Games - E.T. L'Extra-terrestre Le Jeu - Jeu de Société Coopératif - Adultes et Enfants dès 10 Ans - 30 Min - 2 à 4 Joueurs,16.99,Amazon,"4,5 sur 5 étoiles"
Ravensburger - Labyrinthe - Le Grand Classique des Jeux de société - Jeu de réflexion Famille - Jeu de Plateau - 2 à 4 Joueurs dès 7 Ans - 26743 - Nouvelle édition 2021 - Version française,21.37,Amazon,"4,8 sur 5 étoiles"
"Dossiers Criminels - Disparition Aux Caraïbes : John Leblanc Est Porté Disparu - Jeu de Societe Escape Game - Jeu d’Enquête Immersif et Collaboratif, 1-6 Joueurs",29.99,Amazon,"4,7 sur 5 étoiles"
ATM Gaming Speedbac Kids - Jeu de société Enfants - Parfait pour Mettre l'ambiance en Famille - 2 à 7 Joueurs - Grand Prix du Jouet 2024 - A Partir de 7 Ans,18.99,Amazon,"4,8 sur 5 étoiles"
Ravensburger - Level 8 Master - Jeu De Cartes - Jeu De Société Famille - Combinaisons - 2 Ã€ 6 Joueurs Dès 10 Ans - Mixte - 20865 (Multilingue â€“ Français Inclus),9.95,Amazon,"4,7 sur 5 étoiles"
Mixlore - Paquet de Chips - Jeu de Société Idéal pour s'Amuser en Famille ou Entre Amis en Soirée - De 2 à 5 Joueurs - Jeu d'Ambiance - - À Partir de 8 Ans,13.5,Amazon,"4,6 sur 5 étoiles"
Gigamic - HILO - Un jeu d'ambiance aux règles simples - Des parties rapides entre amis ou en famille - De 2 à 6 joueurs - A partir de 8 ans.,13.99,Amazon,"4,8 sur 5 étoiles"
Atalia | Le Couise | Un Quiz 100% Made in France | De 2 à 10 Joueurs | A partir de 12 Ans | De 20 à 30 Minutes | Jeu d'ambiance de Questions de Culture générale française,20.4,Amazon,"4,6 sur 5 étoiles"
"Jeu Mahjong 2 Joueurs, 65 Blocs de 30mm Jeu de Seaside Style Escape Game, Seaside Escape Jeu Domino, Jeu de Société en Bord de Mer, Seaside Escape pour Adultes et Enfants",17.99,Amazon,"4,1 sur 5 étoiles"
Blue Orange - Taco Verso Bouc Cheese Pizza - Jeu de Société Idéal pour s'Amuser en Famille ou entre Amis en Soirée - De 2 à 8 Joueurs - Jeu d'Ambiance et de Rapidité - Jeu de Carte - À Partir de 8 ans,9.99,Amazon,"4,8 sur 5 étoiles"
Blackrock Games Living Forest Duel - Jeu de société pour 2 Joueurs - 10 Ans et Plus - Jeu Duo - Jeu de stratégie - réflexion et Tactique - Partie Rapide de 20 Minutes - Ludonaute,19.9,Amazon,No rating
Asmodee - Service Compris - Jeu de Cartes Drôle et Familial - pour Adultes et Enfants dès 10 Ans - Ayez Une Dent Contre Vos Adversaires - Jeu de Société - 2 À 6 Joueurs - 45 Min - Version Française,16.2,Amazon,"4,7 sur 5 étoiles"
Dujardin – Coffret 8 jeux – Jeux de société – Jeu plateau – Retrouvez 8 jeux culte en 1 coffret – A jouer seul ou entre Amis – Jeux classiques – 2 à 4 joueurs – Dès 6 ans,14.94,Amazon,"4,2 sur 5 étoiles"
Asmodee - Mr. Jack London - Jeu d'Enquêtes à Londres - Jeu de Société pour Enfants dès 9 Ans - Jeu de Réflexion et Déduction - Enigmes à Résoudre - 2 Joueurs - 30 Min - en Français - Hurrican,22.12,Amazon,"4,7 sur 5 étoiles"
